"","X","CampaignURL","numSupporters","TeamOrAthlete","AmountAdjusted","Success","Wordcount","NarcissismFactor","joy","sadness","negative","positive","fear","trust","FundingGoalAdjusted","id","num_rows"
"1",989,"https://sportfunder.com/camrynbirley/29134",0,"athletes",0,"fail",58,5.947,1,0,0,3,0,3,500,707,32
"2",375,"https://sportfunder.com/westsidewanderersmarchingclub/27785",0,"athletes",0,"fail",63,8.417,2,1,1,7,1,6,5000,264,32
"3",133,"https://sportfunder.com/sharellemarching/27889",0,"athletes",0,"fail",45,5.816,2,0,1,2,0,4,3000,90,32
"4",1036,"https://sportfunder.com/larisa/27877",0,"athletes",0,"fail",136,11.059,7,1,4,14,3,9,2682.45,738,32
"5",332,"https://sportfunder.com/lenameidanifossen/29610",58,"athletes",841.99125,"fail",140,17.665,7,0,0,9,4,5,1987,234,32
"6",159,"https://sportfunder.com/alessandrafattore/28113",0,"athletes",0,"fail",130,11.048,10,1,1,14,1,15,2483.75,110,32
"7",920,"https://sportfunder.com/leobaeten/31119",0,"athletes",0,"fail",109,13.977,3,1,0,8,2,5,4967.5,654,32
"8",835,"https://sportfunder.com/matiascandia/40123",5,"athletes",55,"fail",248,9.497,2,2,2,2,2,7,1500,592,32
"9",314,"https://sportfunder.com/futsalgorovo/31004",0,"athletes",0,"fail",194,14.377,4,0,3,13,1,12,9935,219,32
"10",62,"https://sportfunder.com/uofamininggames/30996",48,"athletes",2600,"fail",115,5.114,2,1,2,3,0,5,3000,40,32
"11",235,"https://sportfunder.com/barbora/31323",0,"athletes",0,"fail",65,2.394,2,0,2,3,1,1,1500,162,32
"12",63,"https://sportfunder.com/uofamininggames/40216",38,"athletes",2090,"fail",150,11.067,2,2,6,9,0,16,5000,41,32
"13",819,"https://sportfunder.com/sarahchappelow/30926",25,"athletes",975,"fail",277,23.415,8,3,4,23,0,16,3500,581,32
"14",693,"https://sportfunder.com/maartenvandekerckhove/30645",0,"athletes",0,"fail",51,4.415,3,0,1,4,1,3,1688.95,490,32
"15",378,"https://sportfunder.com/jackiewatene_/31059",0,"athletes",0,"fail",101,6.338,3,1,0,8,2,7,5000,266,32
"16",1051,"https://sportfunder.com/sofiiakovalchuk/29858",0,"athletes",0,"fail",51,4.415,3,0,0,4,0,3,993.5,747,32
"17",903,"https://sportfunder.com/tubatseringballclub/29905",0,"athletes",0,"fail",118,11.387,3,0,2,7,0,12,3000,644,32
"18",491,"https://sportfunder.com/halfwayhousedragons/31090",0,"athletes",0,"fail",123,8.959,4,0,5,7,5,13,50000,337,32
"19",504,"https://sportfunder.com/phakoamashape/28350",3,"athletes",28,"fail",183,13.054,4,2,4,12,0,8,15000,349,32
"20",960,"https://sportfunder.com/sebastianquintana/29896",0,"athletes",0,"fail",227,14.171,13,2,5,17,2,14,993.5,681,32
"21",296,"https://sportfunder.com/breakerband/40438",74,"athletes",1435,"fail",68,5.925,3,0,1,7,0,3,2000,205,32
"22",328,"https://sportfunder.com/lydiakanellopoulou/29855",12,"athletes",326.116375,"fail",109,7.292,3,0,2,4,1,4,326.8615,232,32
"23",543,"https://sportfunder.com/morganhill/29522",0,"athletes",0,"fail",109,9.138,5,0,1,7,0,16,1000,379,32
"24",1115,"https://sportfunder.com/shandreotto/29124",0,"athletes",0,"fail",98,20.442,9,0,0,20,2,17,4000,786,32
"25",367,"https://sportfunder.com/nebassinri/30903",6,"athletes",205,"fail",127,6.863,8,0,3,13,4,5,5000,257,32
"26",883,"https://sportfunder.com/suelgaming/31096",0,"athletes",0,"fail",68,9.04,3,0,4,8,0,5,10000,629,32
"27",953,"https://sportfunder.com/stevematias/21628",16,"teams",250,"fail",179,16.671,3,1,7,9,5,4,2500,676,716
"28",26,"https://sportfunder.com/robmcdougall/27770",20,"teams",1650,"fail",734,77.614,31,2,10,60,4,40,2240,19,716
"29",506,"https://sportfunder.com/acs/29555",8,"teams",1402.35,"fail",124,13.607,5,1,5,8,2,9,5100,351,716
"30",154,"https://sportfunder.com/bamasterssoccerassociationofvancouver/28051",0,"teams",0,"fail",51,10.517,5,0,1,8,0,5,9000,107,716
"31",787,"https://sportfunder.com/ashatowasportsacademy/30943",0,"teams",0,"fail",134,10.596,4,0,3,9,1,12,500,556,716
"32",436,"https://sportfunder.com/hiboux/22140",104,"teams",14060,"fail",117,12.416,4,3,9,7,1,8,14000,302,716
"33",617,"https://sportfunder.com/steelforceelitecom/27817",78,"teams",1581,"fail",199,26.359,13,1,1,19,1,16,13500,433,716
"34",858,"https://sportfunder.com/mountedgamesassociation/22649",0,"teams",0,"fail",173,8.357,4,0,1,17,0,19,1000,610,716
"35",547,"https://sportfunder.com/slovenialacrosse/25162",248,"teams",1342.2185,"fail",90,14.999,2,0,3,3,0,8,3477.25,383,716
"36",922,"https://sportfunder.com/ubcultimate/1433",20,"teams",815,"fail",183,15.098,1,0,2,3,0,12,3000,656,716
"37",43,"https://sportfunder.com/teamvicvolleyball/27491",2,"teams",100,"fail",132,10.596,5,0,3,10,1,17,5000,30,716
"38",1117,"https://sportfunder.com/caseneedham/30927",0,"teams",0,"fail",66,3.906,4,0,0,6,1,3,2000,788,716
"39",590,"https://sportfunder.com/jamesmwaura/30959",1,"teams",0,"fail",118,13.98,7,1,1,11,2,9,49000,410,716
"40",234,"https://sportfunder.com/trysportsph/27740",0,"teams",0,"fail",159,16.816,10,0,2,17,3,19,2000,161,716
"41",991,"https://sportfunder.com/amandagilfedder/29898",0,"teams",0,"fail",68,6.164,3,0,2,5,1,5,8000,709,716
"42",945,"https://sportfunder.com/sydneykoevoet/4866",17,"teams",656,"fail",128,3.348,6,1,2,6,1,9,1500,671,716
"43",523,"https://sportfunder.com/ray/27840",0,"teams",0,"fail",114,13.374,3,0,2,8,2,3,29805,365,716
"44",575,"https://sportfunder.com/syedlabeeq/28135",0,"teams",0,"fail",89,4.797,2,0,0,2,0,4,2000,402,716
"45",379,"https://sportfunder.com/testinganotherteamcreation/26127",30,"teams",0,"fail",136,10.596,5,0,3,10,1,17,2500,267,716
"46",287,"https://sportfunder.com/loloteam/27541",0,"teams",0,"fail",128,10.596,5,0,3,10,1,13,10000,198,716
"47",124,"https://sportfunder.com/connorshackelofrd/29916",0,"teams",0,"fail",68,6.255,3,0,1,4,0,3,1000,83,716
"48",682,"https://sportfunder.com/bradprescott/29140",0,"teams",0,"fail",119,8.779,5,2,3,9,2,5,793.38,481,716
"49",230,"https://sportfunder.com/koracooper/28074",0,"teams",0,"fail",95,6.841,6,0,2,8,1,7,6000,158,716
"50",233,"https://sportfunder.com/lmnphilippines/25734",2,"teams",0,"fail",156,24.024,9,0,1,15,0,16,15000,160,716
"51",107,"https://sportfunder.com/falconscc/27776",0,"teams",0,"fail",148,7.732,5,1,5,13,3,6,3000,74,716
"52",423,"https://sportfunder.com/bellerebelfreestyle/25921",96,"teams",2909,"fail",265,30.379,9,2,6,20,3,19,6000,297,716
"53",640,"https://sportfunder.com/woodstudgameproject/30992",0,"teams",0,"fail",162,9.827,4,2,8,13,3,6,2e+05,451,716
"54",619,"https://sportfunder.com/karah/31463",0,"teams",0,"fail",48,4.415,3,0,0,4,0,3,2000,434,716
"55",701,"https://sportfunder.com/teamswedenallgirl/23756",110,"teams",84.4475,"fail",50,2.374,3,0,0,3,0,4,9935,496,716
"56",278,"https://sportfunder.com/kcvavolleyball15red/29144",2,"teams",355,"fail",86,12.458,4,0,0,5,0,13,3000,190,716
"57",856,"https://sportfunder.com/kira/31822",10,"teams",165,"fail",74,5.313,4,1,1,6,0,5,2000,608,716
"58",385,"https://sportfunder.com/jamesibrahim/26737",19,"teams",0,"fail",355,33.42,2,3,7,14,2,7,25000,272,716
"59",216,"https://sportfunder.com/bucharestathleticsassociation/29537",0,"teams",0,"fail",127,7.863,9,1,1,12,1,13,894.15,150,716
"60",510,"https://sportfunder.com/kccare/26684",38,"teams",800,"fail",136,10.596,7,0,3,12,1,15,3000,354,716
"61",76,"https://sportfunder.com/amakirikelvin/30828",0,"teams",0,"fail",48,4.415,3,0,0,4,0,3,20000,51,716
"62",613,"https://sportfunder.com/leecrossland/28099",0,"teams",0,"fail",598,76.959,14,7,17,30,10,39,2980.5,429,716
"63",1065,"https://sportfunder.com/savaantic/5046",20,"teams",576,"fail",134,5.838,11,0,0,11,1,15,750,754,716
"64",228,"https://sportfunder.com/dnaracingteam/29530",0,"teams",0,"fail",129,11.105,4,0,3,8,1,15,20000,156,716
"65",894,"https://sportfunder.com/teammiles/2605",56,"teams",3005,"fail",264,30.906,11,0,4,16,1,25,6470,637,716
"66",45,"https://sportfunder.com/daveford/26608",38,"teams",0,"fail",135,4,3,0,1,11,1,12,3000,32,716
"67",650,"https://sportfunder.com/deidra/31251",2,"teams",25,"fail",60,2.146,4,1,4,6,0,6,1800,459,716
"68",1079,"https://sportfunder.com/andyshields/7866",3,"teams",150,"fail",147,11.373,4,0,3,9,1,9,750,764,716
"69",393,"https://sportfunder.com/alexanderhaserodt/29464",0,"teams",0,"fail",99,10.523,5,0,0,9,1,6,19870,278,716
"70",500,"https://sportfunder.com/nevelledurawo/28671",0,"teams",0,"fail",86,9.577,3,0,4,8,2,3,1000,345,716
"71",718,"https://sportfunder.com/alexandragagnon/4122",6,"teams",231,"fail",30,7.165,1,0,0,6,0,3,750,510,716
"72",949,"https://sportfunder.com/dashaadjohnson/31579",2,"teams",120,"fail",47,4.415,3,0,0,4,0,3,120,674,716
"73",1039,"https://sportfunder.com/mayathebee/40314",13,"teams",745,"fail",244,18.835,14,4,10,21,6,14,3000,741,716
"74",489,"https://sportfunder.com/romanipeoplefootballteam/24259",2,"teams",0,"fail",77,1.961,2,0,3,4,1,11,4967.5,335,716
"75",878,"https://sportfunder.com/canada4rio/24420",2,"teams",4670,"fail",74,5.287,2,1,4,3,2,4,2e+05,626,716
"76",527,"https://sportfunder.com/rene/23485",0,"teams",0,"fail",181,17.439,8,0,4,16,0,18,1200,366,716
"77",191,"https://sportfunder.com/sophie/27941",4,"teams",405,"fail",44,5.107,1,0,0,4,0,4,500,135,716
"78",651,"https://sportfunder.com/saucefambasketballclub/30997",0,"teams",0,"fail",156,11.516,6,0,3,12,2,12,3500,460,716
"79",779,"https://sportfunder.com/sequoyahmiddleschoolboysbasketball/29917",0,"teams",0,"fail",204,17.238,7,0,2,9,0,18,2000,550,716
"80",232,"https://sportfunder.com/upstreetdanceclub/25353",12,"teams",360,"fail",147,15.4,10,0,3,16,2,15,20000,159,716
"81",183,"https://sportfunder.com/cheekathletics/29154",2,"teams",50,"fail",119,8.059,4,0,3,7,1,7,4000,128,716
"82",939,"https://sportfunder.com/conestogagirlsbasketball/31258",84,"teams",2790,"fail",150,18.513,9,2,3,19,3,15,3000,668,716
"83",839,"https://sportfunder.com/nivethajessica/29600",0,"teams",0,"fail",96,11.886,3,0,1,10,2,6,2000,596,716
"84",64,"https://sportfunder.com/vikasshukla/28337",0,"teams",0,"fail",73,3.64,2,0,2,2,0,4,566.7,42,716
"85",269,"https://sportfunder.com/zea-dinejanuarie/29620",0,"teams",0,"fail",108,11.845,2,0,2,4,0,10,3000,185,716
"86",872,"https://sportfunder.com/albertaworldcupacademy/6026",16,"teams",1000,"fail",184,24.18,10,0,0,20,0,19,3000,622,716
"87",642,"https://sportfunder.com/hopeisalivesoccerfoundationteam/29286",0,"teams",0,"fail",334,41.055,15,3,14,36,7,14,10000,453,716
"88",1030,"https://sportfunder.com/ulyanabatashova/29533",0,"teams",0,"fail",102,14.736,3,0,1,7,1,3,280,735,716
"89",716,"https://sportfunder.com/micheleschiebel/31377",22,"teams",480,"fail",44,1.24,1,0,0,2,0,3,600,508,716
"90",978,"https://sportfunder.com/a-coroyals/27919",2,"teams",10,"fail",184,11.135,7,0,1,12,1,17,3750,696,716
"91",789,"https://sportfunder.com/acscrossoverdeva/27715",10,"teams",1.987,"fail",402,17.213,7,1,9,13,4,20,1192200,558,716
"92",850,"https://sportfunder.com/maxmiller/31860",53,"teams",2530,"fail",67,5.329,3,0,0,4,0,4,3000,603,716
"93",778,"https://sportfunder.com/jcc/21292",0,"teams",0,"fail",277,18.598,9,0,6,23,3,24,3000,549,716
"94",219,"https://sportfunder.com/cwp/23784",0,"teams",0,"fail",110,7.934,3,0,2,10,2,7,5000,152,716
"95",1080,"https://sportfunder.com/shadyenahas/114",5,"teams",186.1,"fail",31,5.313,2,0,1,3,1,4,1000,765,716
"96",757,"https://sportfunder.com/cheerleaders/29351",0,"teams",0,"fail",59,10.032,4,0,1,6,3,3,250,535,716
"97",1104,"https://sportfunder.com/teamcanadauniversityworldchampswomensfourw/9734",2,"teams",6675,"fail",109,12.565,3,0,5,6,0,7,8250,777,716
"98",897,"https://sportfunder.com/lionsyouthsports/27758",0,"teams",0,"fail",106,10.229,9,0,0,14,4,11,3000,640,716
"99",158,"https://sportfunder.com/christownsend/3661",32,"teams",776,"fail",185,11.757,6,3,5,16,4,11,1500,109,716
"100",676,"https://sportfunder.com/youngindiasportsacademy/29881",0,"teams",0,"fail",156,11.699,5,0,3,10,1,11,25000,477,716
"101",176,"https://sportfunder.com/vincerezeng/27548",2,"teams",20,"fail",77,7.198,1,0,0,3,1,1,5000,123,716
"102",319,"https://sportfunder.com/rogueracingclub/28047",0,"teams",0,"fail",104,11.427,7,0,1,10,4,9,5000,223,716
"103",148,"https://sportfunder.com/joehall/28141",2,"teams",0,"fail",75,9.106,7,2,2,9,1,11,1350,103,716
"104",871,"https://sportfunder.com/fastandfemale/4418",116,"teams",5700,"fail",82,11.759,2,0,0,9,0,8,10000,621,716
"105",654,"https://sportfunder.com/ebc/31003",0,"teams",0,"fail",40,1.637,2,3,3,2,3,1,20000,462,716
"106",587,"https://sportfunder.com/ipelengmachwisa/28673",0,"teams",0,"fail",127,10.596,4,0,3,9,1,12,50000,408,716
"107",755,"https://sportfunder.com/immanuelchristianschoolgirlsbasketball/40240",28,"teams",3631,"fail",127,8.959,3,0,1,6,1,13,55000,533,716
"108",982,"https://sportfunder.com/meikevoigt/31085",7,"teams",430,"fail",89,6.45,2,1,1,7,2,6,1500,700,716
"109",13,"https://sportfunder.com/acadiauniversitycheerleading/2393",42,"teams",425,"fail",104,6.809,1,1,2,5,1,8,3000,9,716
"110",95,"https://sportfunder.com/matthewmackillop/2497",14,"teams",550,"fail",103,6.791,2,2,4,5,5,6,2000,63,716
"111",290,"https://sportfunder.com/takkhunnwang/21759",2,"teams",0,"fail",217,16.562,4,0,4,10,2,11,4967.5,201,716
"112",776,"https://sportfunder.com/teammetalize/25017",28,"teams",860,"fail",131,9.449,4,0,1,5,1,4,8200,547,716
"113",582,"https://sportfunder.com/evdokymovracing/31207",0,"teams",0,"fail",49,4.415,3,0,0,4,0,3,1500,406,716
"114",165,"https://sportfunder.com/georgiablaikie/40267",2,"teams",680.04,"fail",223,28.904,4,0,1,9,0,13,5667,115,716
"115",394,"https://sportfunder.com/localnashvillesoccerteam/31460",0,"teams",0,"fail",175,21.452,7,0,3,14,1,19,500,279,716
"116",707,"https://sportfunder.com/alexcolpitts/9122",0,"teams",0,"fail",283,22.407,9,5,16,15,12,19,750,501,716
"117",1034,"https://sportfunder.com/anatoly/25148",0,"teams",0,"fail",153,12.776,3,1,5,5,0,7,4300,737,716
"118",1086,"https://sportfunder.com/synchronlcanadagamesteam/9370",40,"teams",1496,"fail",84,2.72,3,0,1,6,0,7,4000,768,716
"119",736,"https://sportfunder.com/joebrown/24740",8,"teams",95,"fail",84,4.951,1,1,2,2,0,6,7500,519,716
"120",19,"https://sportfunder.com/paradiseracing/4434",0,"teams",0,"fail",205,17.007,7,1,2,11,2,16,8000,15,716
"121",896,"https://sportfunder.com/craignadeau/31109",0,"teams",0,"fail",88,2.861,2,2,3,2,0,6,1500,639,716
"122",65,"https://sportfunder.com/stevenpritchard/31217",1,"teams",0,"fail",60,5.53,4,0,0,8,0,3,5667,43,716
"123",564,"https://sportfunder.com/spartanparentboosterclub/26741",42,"teams",50,"fail",63,3.986,3,0,1,7,0,7,2500,395,716
"124",396,"https://sportfunder.com/paraeqrider/28107",1,"teams",0,"fail",504,65.332,15,7,17,33,7,17,22000,280,716
"125",965,"https://sportfunder.com/ashahpayson/8810",16,"teams",777,"fail",147,9.001,5,2,4,10,0,13,1250,686,716
"126",743,"https://sportfunder.com/michaelknupfer/29540",8,"teams",189.75,"fail",128,17.13,4,2,2,13,3,9,5000,524,716
"127",644,"https://sportfunder.com/bronner/29094",0,"teams",0,"fail",47,6.35,2,0,4,4,1,2,1200,455,716
"128",980,"https://sportfunder.com/nualaedmundson/30958",39,"teams",2564,"fail",100,8.763,1,0,0,3,0,3,2800,698,716
"129",715,"https://sportfunder.com/michaelarmstrong/28354",0,"teams",0,"fail",106,8.373,3,1,1,9,1,4,1133.4,507,716
"130",867,"https://sportfunder.com/hanscoetzee/29289",0,"teams",0,"fail",89,9.525,1,0,1,4,0,6,2000,619,716
"131",560,"https://sportfunder.com/kcscblitzsoftball/27629",20,"teams",1840,"fail",127,11.763,2,0,8,4,0,12,43296,392,716
"132",916,"https://sportfunder.com/saramihalik/27213",0,"teams",0,"fail",306,30.625,13,2,3,21,2,18,4000,652,716
"133",335,"https://sportfunder.com/irinasokolova/28278",0,"teams",0,"fail",216,14.179,4,1,1,17,0,24,1400,237,716
"134",520,"https://sportfunder.com/malacky/31098",0,"teams",0,"fail",123,10.596,4,0,3,9,1,12,2980.5,363,716
"135",588,"https://sportfunder.com/gemcitythrowbacks11u/26609",0,"teams",0,"fail",142,13.964,10,0,5,14,1,11,6000,409,716
"136",388,"https://sportfunder.com/pureperformance/24116",42,"teams",850,"fail",95,14.754,6,1,1,12,0,10,1500,275,716
"137",706,"https://sportfunder.com/alexcolpitts/3713",4,"teams",221,"fail",149,11.908,5,0,0,7,0,8,1300,500,716
"138",923,"https://sportfunder.com/josh/31355",9,"teams",259,"fail",254,21.533,5,1,2,18,2,15,300,657,716
"139",443,"https://sportfunder.com/uqamcheerleading/24614",66,"teams",11486,"fail",121,8.413,2,0,1,4,1,12,12000,305,716
"140",985,"https://sportfunder.com/howickpremiermenssoftballteam/27495",0,"teams",0,"fail",173,20.263,5,0,4,18,1,17,3000,703,716
"141",391,"https://sportfunder.com/saharidumainisinamo/29606",9,"teams",519.5,"fail",106,16.269,9,1,1,16,4,9,1000,276,716
"142",14,"https://sportfunder.com/acadiauniversitycheerleading/8246",34,"teams",387,"fail",81,7.918,2,1,1,3,0,8,7500,10,716
"143",882,"https://sportfunder.com/camagueybaseballclub/27915",2,"teams",150,"fail",134,7.95,3,0,4,6,1,9,2400,628,716
"144",340,"https://sportfunder.com/beachteammkcom/30658",9,"teams",496.75,"fail",195,21.969,20,0,3,21,1,20,4967.5,241,716
"145",997,"https://sportfunder.com/oliviahennon/30864",9,"teams",535,"fail",103,19.336,8,0,0,15,4,7,6500,714,716
"146",1081,"https://sportfunder.com/augustandmegansibthorpe/8194",44,"teams",945,"fail",89,6.074,1,0,0,6,0,3,5000,766,716
"147",621,"https://sportfunder.com/jagjitsengupta/28266",0,"teams",0,"fail",129,8.689,10,0,6,14,0,15,2980.5,435,716
"148",75,"https://sportfunder.com/lehighvalleyhunters/29919",0,"teams",0,"fail",59,6.072,3,1,1,4,1,3,15000,50,716
"149",967,"https://sportfunder.com/martinpasternak/30911",3,"teams",100,"fail",78,4.194,2,0,0,5,0,4,7500,688,716
"150",282,"https://sportfunder.com/hunterpowershowcase/28192",1,"teams",10,"fail",245,30.862,9,3,9,23,5,20,2000,193,716
"151",346,"https://sportfunder.com/kumakechjames/26738",16,"teams",157,"fail",128,10.596,5,0,3,10,1,13,20000,245,716
"152",684,"https://sportfunder.com/aemstylidas/28008",4,"teams",0,"fail",112,8.979,5,0,3,6,1,7,2980.5,483,716
"153",578,"https://sportfunder.com/royalfootballclublagos/31322",0,"teams",0,"fail",53,8.947,3,0,3,7,2,2,28000,404,716
"154",807,"https://sportfunder.com/silkrider/31163",21,"teams",536.49,"fail",112,11.43,2,0,2,6,2,4,2483.75,572,716
"155",709,"https://sportfunder.com/alexcolpitts/24115",1,"teams",10,"fail",220,19.987,8,4,9,16,7,12,3000,503,716
"156",833,"https://sportfunder.com/jackcotton/28198",4,"teams",90,"fail",155,17.922,11,0,0,22,0,14,10000,590,716
"157",27,"https://sportfunder.com/anthonypietersz/29528",5,"teams",540,"fail",137,20.493,5,0,2,14,4,7,4500,20,716
"158",530,"https://sportfunder.com/dakotadey/31541",13,"teams",622,"fail",76,4.924,6,0,1,8,1,3,1500,368,716
"159",1073,"https://sportfunder.com/nationaldevelopmentcentrethunderbay/7758",182,"teams",19645,"fail",147,11.373,4,0,3,9,1,9,30000,760,716
"160",180,"https://sportfunder.com/nicholeshaferherring/27726",0,"teams",0,"fail",73,9.577,3,0,3,7,2,3,1000,125,716
"161",1069,"https://sportfunder.com/juliansmith/8046",1,"teams",500,"fail",146,11.373,4,0,3,9,1,9,750,758,716
"162",521,"https://sportfunder.com/susma/27806",0,"teams",0,"fail",60,4.258,1,0,2,2,0,4,3000,364,716
"163",244,"https://sportfunder.com/aamir/28313",0,"teams",0,"fail",88,11.214,3,0,1,9,2,4,1000,166,716
"164",1121,"https://sportfunder.com/chanakyaks/31195",0,"teams",0,"fail",59,4.415,3,0,0,5,0,3,500,791,716
"165",139,"https://sportfunder.com/usfwomensclubsoccer/29895",30,"teams",1138.75,"fail",45,5.226,2,1,1,3,0,6,3000,95,716
"166",629,"https://sportfunder.com/dynamicathletemanagement/25259",0,"teams",100,"fail",114,20.344,3,1,2,7,0,9,2000,441,716
"167",275,"https://sportfunder.com/matteopatacca/30852",0,"teams",0,"fail",50,4.415,3,0,0,4,0,3,29805,188,716
"168",656,"https://sportfunder.com/popwarnercentraltrojansvarsity/30653",4,"teams",40,"fail",131,25.301,4,0,1,8,1,11,2000,464,716
"169",134,"https://sportfunder.com/newplymouthtaekwondohapkidoclub/28210",0,"teams",0,"fail",119,7.379,5,2,2,6,1,10,54000,91,716
"170",33,"https://sportfunder.com/keyarawardley/8762",13,"teams",405,"fail",125,8.081,4,1,3,9,0,11,1250,24,716
"171",57,"https://sportfunder.com/christinewonggolf/29414",0,"teams",0,"fail",98,13.211,5,0,3,7,2,4,5000,39,716
"172",483,"https://sportfunder.com/tfsyouthdevelopment/31219",0,"teams",0,"fail",151,11.407,12,0,5,21,8,9,3000,331,716
"173",322,"https://sportfunder.com/apexskillscamp/31894",2,"teams",250,"fail",142,23.403,4,0,1,12,0,12,12000,226,716
"174",969,"https://sportfunder.com/thekidkeeper/29443",45,"teams",1999.5,"fail",159,10.859,6,1,5,10,2,4,4500,689,716
"175",1004,"https://sportfunder.com/envigadofootballclub/24910",0,"teams",0,"fail",208,13.528,9,2,6,22,6,24,6000,718,716
"176",172,"https://sportfunder.com/taylorhendricks/27742",0,"teams",0,"fail",86,9.782,7,0,1,9,2,10,1000,120,716
"177",470,"https://sportfunder.com/michaelshpigelman/27472",0,"teams",0,"fail",90,11.214,3,0,1,9,2,4,1000,320,716
"178",780,"https://sportfunder.com/teamfinish/29136",4,"teams",100,"fail",148,27.754,9,1,2,13,1,14,50000,551,716
"179",213,"https://sportfunder.com/___/28311",0,"teams",0,"fail",111,19.301,5,1,3,12,0,15,1000,148,716
"180",749,"https://sportfunder.com/spectrumathletics/40432",20,"teams",1630,"fail",45,8.949,3,0,1,6,0,7,5000,529,716
"181",959,"https://sportfunder.com/cikititeam/23714",18,"teams",0,"fail",204,24.013,5,0,4,14,0,12,794.8,680,716
"182",710,"https://sportfunder.com/newworldbball/27861",0,"teams",1318,"fail",90,13.425,3,0,1,7,2,6,3500,504,716
"183",570,"https://sportfunder.com/selasvegasriot/29106",0,"teams",0,"fail",135,8.059,3,0,7,7,4,9,3000,398,716
"184",645,"https://sportfunder.com/hungarianscamps/24204",12,"teams",19.87,"fail",124,20.495,8,0,0,9,0,15,2980.5,456,716
"185",31,"https://sportfunder.com/wallaseywolves/29346",0,"teams",0,"fail",80,7.171,1,0,0,2,0,5,1133.4,23,716
"186",184,"https://sportfunder.com/marioudvardi/27480",0,"teams",0,"fail",83,7.668,5,0,2,7,2,5,20000,129,716
"187",112,"https://sportfunder.com/reaganashley/27561",22,"teams",405,"fail",238,13.374,12,0,1,17,0,17,1200,78,716
"188",162,"https://sportfunder.com/hannakarlsson/29526",56,"teams",854.41,"fail",213,16.154,8,2,6,15,4,8,7948,113,716
"189",118,"https://sportfunder.com/hopeduncan/22629",0,"teams",0,"fail",26,1.018,3,1,2,3,1,3,15500,81,716
"190",316,"https://sportfunder.com/regals_lax/31181",3,"teams",125,"fail",109,9.525,6,0,1,9,0,10,1000,220,716
"191",1107,"https://sportfunder.com/fitcitie/23054",0,"teams",0,"fail",197,5.668,7,2,3,12,4,14,10000,778,716
"192",325,"https://sportfunder.com/tbteam/31197",4,"teams",0,"fail",137,12.925,4,0,3,12,1,15,6000,229,716
"193",259,"https://sportfunder.com/charliegran/27896",0,"teams",0,"fail",70,10.426,2,0,2,5,1,5,3400.2,178,716
"194",995,"https://sportfunder.com/seaverking/31255",4,"teams",2165,"fail",102,5.508,2,2,3,2,1,8,2500,712,716
"195",421,"https://sportfunder.com/mcgillfigureskating/13",34,"teams",630,"fail",135,1.82,2,3,5,7,0,14,1000,296,716
"196",355,"https://sportfunder.com/mariahbradley_/39460",1,"teams",150,"fail",48,4.415,3,0,0,7,0,3,150,250,716
"197",147,"https://sportfunder.com/balmaintigersafl/27549",0,"teams",0,"fail",139,7.366,2,0,2,15,1,7,20000,102,716
"198",392,"https://sportfunder.com/tanyabottomley/29458",0,"teams",0,"fail",203,33.887,4,2,5,11,1,5,4000,277,716
"199",486,"https://sportfunder.com/teamgeorgia12u-cooperstown2021/31477",0,"teams",0,"fail",105,8.059,3,0,0,5,0,13,10000,333,716
"200",561,"https://sportfunder.com/serenityhanson/27725",0,"teams",0,"fail",78,11.214,3,0,3,9,2,4,1000,393,716
"201",944,"https://sportfunder.com/whitedevils/31362",0,"teams",0,"fail",53,2.329,1,1,7,3,1,3,1000,670,716
"202",514,"https://sportfunder.com/copaforce1/27810",10,"teams",165,"fail",125,8.059,4,0,2,8,1,9,3000,357,716
"203",1101,"https://sportfunder.com/leogoldberg/5070",5,"teams",31,"fail",47,5.409,3,0,0,4,0,5,0,775,716
"204",932,"https://sportfunder.com/vincentbonacci/31312",0,"teams",0,"fail",51,7.468,2,0,1,6,2,1,5000,664,716
"205",515,"https://sportfunder.com/tpwomens/24155",14,"teams",475,"fail",210,26.035,7,0,4,11,1,13,5000,358,716
"206",571,"https://sportfunder.com/fullcourtfiesta/31895",12,"teams",210,"fail",76,6.912,4,0,0,6,2,4,15000,399,716
"207",337,"https://sportfunder.com/tomasi/30878",0,"teams",0,"fail",47,4.415,3,0,0,4,0,4,12000,238,716
"208",643,"https://sportfunder.com/ianrodriguez_eliogas_baseballfactory/28082",0,"teams",0,"fail",179,20.993,5,0,6,13,0,18,6000,454,716
"209",293,"https://sportfunder.com/syaquarius/29894",0,"teams",0,"fail",127,10.596,4,0,3,9,1,12,20000,202,716
"210",648,"https://sportfunder.com/rijekatorpedoes/31051",0,"teams",0,"fail",121,14.575,1,0,1,6,0,7,2980.5,458,716
"211",151,"https://sportfunder.com/thereseblennert/29535",5,"teams",129.155,"fail",126,9.282,5,0,1,11,2,11,993500,105,716
"212",12,"https://sportfunder.com/usadeafwrestlingorganization/25617",0,"teams",0,"fail",86,2.76,3,0,0,6,0,4,20000,8,716
"213",806,"https://sportfunder.com/czechcricket/29883",2,"teams",4.9675,"fail",111,3.002,1,0,3,5,1,9,2980.5,571,716
"214",485,"https://sportfunder.com/letsplayhockey-mk/29374",39,"teams",3779.889,"fail",452,32.774,13,1,8,33,3,22,56670,332,716
"215",811,"https://sportfunder.com/lowkeyhoops/30972",0,"teams",0,"fail",57,7.872,6,0,1,9,0,4,340.02,574,716
"216",324,"https://sportfunder.com/angelahill/29446",0,"teams",0,"fail",166,20.926,11,0,0,22,0,15,5000,228,716
"217",741,"https://sportfunder.com/rebeccarichards/31369",0,"teams",0,"fail",57,6.235,2,0,0,2,0,1,1133.4,523,716
"218",658,"https://sportfunder.com/highdesertpumas/31356",0,"teams",0,"fail",131,22.978,3,5,8,8,10,9,25000,465,716
"219",777,"https://sportfunder.com/aymeric/29601",2,"teams",150,"fail",94,10.388,6,0,2,10,2,5,1500,548,716
"220",895,"https://sportfunder.com/ippondojo/18377",6,"teams",110,"fail",100,10.153,1,0,0,5,0,8,2000,638,716
"221",860,"https://sportfunder.com/kierancourt/28020",0,"teams",0,"fail",187,14.854,6,0,1,21,1,12,3000,612,716
"222",801,"https://sportfunder.com/d-towneagles/31467",2,"teams",10,"fail",205,20.106,13,0,1,22,8,20,5500,568,716
"223",554,"https://sportfunder.com/rawofootballacademyrfa/28716",0,"teams",0,"fail",180,15.335,6,0,0,24,2,11,1000,388,716
"224",592,"https://sportfunder.com/medineriverrace/28108",0,"teams",0,"fail",91,11.214,3,0,1,9,2,4,14902.5,411,716
"225",1078,"https://sportfunder.com/nationaldevelopmentcentrethunderbay/18549",102,"teams",1715,"fail",167,15.845,6,2,4,9,3,10,7500,763,716
"226",48,"https://sportfunder.com/fdx/29162",0,"teams",0,"fail",113,11.471,3,0,0,3,0,4,2000,34,716
"227",731,"https://sportfunder.com/liamteetzel/4842",5,"teams",91,"fail",201,20.097,13,0,0,23,1,11,1500,518,716
"228",796,"https://sportfunder.com/rileyscrogham/28110",53,"teams",2275,"fail",284,16.051,12,1,4,24,6,14,3000,564,716
"229",404,"https://sportfunder.com/manzerbasketballclub/24643",62,"teams",1705,"fail",143,5.925,5,0,4,10,0,12,5000,287,716
"230",792,"https://sportfunder.com/iowachill/30937",0,"teams",0,"fail",82,9.827,5,0,4,9,1,14,3000,561,716
"231",866,"https://sportfunder.com/ambie/28370",0,"teams",0,"fail",89,6.316,3,2,4,6,6,1,12467.4,618,716
"232",847,"https://sportfunder.com/kenbiddle/29592",0,"teams",0,"fail",135,17.23,7,1,5,16,4,7,500,601,716
"233",276,"https://sportfunder.com/sisonkeelitefootballproject/29629",0,"teams",0,"fail",100,8.959,4,0,1,7,1,10,1500,189,716
"234",664,"https://sportfunder.com/jorgemartinez/29353",2,"teams",5,"fail",89,11.214,3,0,1,9,2,4,1000,470,716
"235",728,"https://sportfunder.com/elitespikersvolleyballclub/31331",0,"teams",0,"fail",186,12.148,3,0,3,10,0,14,3000,516,716
"236",308,"https://sportfunder.com/south-sideshooters/28375",0,"teams",0,"fail",180,19.373,7,1,4,13,9,14,1500,215,716
"237",517,"https://sportfunder.com/deftacribeirobjjphilippines/16921",0,"teams",0,"fail",210,41.61,8,1,8,18,7,18,10000,360,716
"238",317,"https://sportfunder.com/haileycarey/30872",9,"teams",580,"fail",48,4.415,3,0,0,4,0,3,1950,221,716
"239",908,"https://sportfunder.com/valherjes/30840",0,"teams",0,"fail",74,9.865,4,0,2,7,3,6,9500,647,716
"240",918,"https://sportfunder.com/alexandrugheorghe/28349",0,"teams",0,"fail",79,7.92,3,0,1,10,2,5,5961,653,716
"241",862,"https://sportfunder.com/charlesvandervindt/29929",0,"teams",0,"fail",139,16.289,1,0,2,8,2,7,30000,614,716
"242",380,"https://sportfunder.com/dan1282/28268",0,"teams",0,"fail",148,9.684,7,1,5,13,1,10,3000,268,716
"243",660,"https://sportfunder.com/tremenheeresportsacademy/30825",0,"teams",0,"fail",130,10.596,5,0,3,9,1,10,2000,467,716
"244",876,"https://sportfunder.com/sambocanada/818",4,"teams",10,"fail",107,6.054,4,0,1,7,1,11,3000,624,716
"245",73,"https://sportfunder.com/dangerzonewrestling/23696",0,"teams",0,"fail",89,11.214,3,0,1,9,2,4,100,48,716
"246",685,"https://sportfunder.com/iraklisvolley/30951",0,"teams",0,"fail",68,5.949,3,1,0,4,0,7,4967.5,484,716
"247",615,"https://sportfunder.com/nkosinathihlongwane/29622",0,"teams",0,"fail",52,3.922,5,0,2,9,1,4,3000,431,716
"248",402,"https://sportfunder.com/sailorshockeyteam/26742",34,"teams",10,"fail",363,37.178,18,2,9,44,9,32,10000,285,716
"249",502,"https://sportfunder.com/shinjuaikidodojo/29449",0,"teams",0,"fail",248,18.008,7,5,9,27,10,12,1000,347,716
"250",374,"https://sportfunder.com/amberkennedy/27712",0,"teams",0,"fail",115,7.171,7,1,2,8,3,9,1000,263,716
"251",249,"https://sportfunder.com/pgjudoclub/5122",16,"teams",231,"fail",70,3.313,1,0,0,4,0,1,5600,171,716
"252",205,"https://sportfunder.com/scoutsoccer/29410",2,"teams",0,"fail",60,5.633,4,0,1,6,0,4,2981.4935,143,716
"253",472,"https://sportfunder.com/hellomanaaa/28182",0,"teams",0,"fail",90,11.826,3,0,1,9,2,4,1000,322,716
"254",89,"https://sportfunder.com/tychyfalcons/28674",0,"teams",0,"fail",341,36.686,30,2,14,49,12,38,2000,59,716
"255",100,"https://sportfunder.com/southsidemuaythaiacademy/21710",8,"teams",585,"fail",321,32.008,15,2,6,28,5,31,5000,68,716
"256",646,"https://sportfunder.com/tanjabester/28285",0,"teams",0,"fail",117,7.313,3,0,7,7,0,12,4000,457,716
"257",1010,"https://sportfunder.com/femaleathletesbeyond/40327",34,"teams",1700,"fail",220,23.052,6,0,3,10,2,4,2500,721,716
"258",929,"https://sportfunder.com/gila/28032",0,"teams",0,"fail",89,11.214,3,0,1,9,2,4,5000,662,716
"259",323,"https://sportfunder.com/alexpoinar/21501",44,"teams",800,"fail",267,16.287,22,4,3,27,1,21,800,227,716
"260",910,"https://sportfunder.com/balazszsamboki/28112",68,"teams",496.75,"fail",99,17.848,5,0,3,10,1,7,1987,648,716
"261",607,"https://sportfunder.com/josiahranderson/29572",0,"teams",0,"fail",85,8.449,4,0,0,7,2,5,1000,423,716
"262",772,"https://sportfunder.com/mrjjsmet/29911",2,"teams",10,"fail",92,10.362,4,0,2,7,0,4,8700,545,716
"263",1095,"https://sportfunder.com/b9baseball/29513",4,"teams",60,"fail",130,12.717,2,4,7,7,0,10,5000,773,716
"264",40,"https://sportfunder.com/teamvicaustralianfootball/27492",4,"teams",350,"fail",92,11.214,3,0,1,9,2,5,3000,27,716
"265",1022,"https://sportfunder.com/centa14sports/27747",10,"teams",120,"fail",232,16.502,4,0,2,17,2,14,15000,728,716
"266",189,"https://sportfunder.com/leopardodelasnieves/28364",0,"teams",0,"fail",352,15.377,4,0,0,5,0,13,7500,133,716
"267",972,"https://sportfunder.com/rtuifhfh/27681",0,"teams",0,"fail",542,12.064,3,3,13,10,19,5,10007,692,716
"268",212,"https://sportfunder.com/teamforca/21845",0,"teams",0,"fail",206,29.624,9,3,7,16,8,11,3000,147,716
"269",612,"https://sportfunder.com/jepperowing/27835",16,"teams",73.671,"fail",500,54.986,18,3,22,43,2,54,17001,428,716
"270",534,"https://sportfunder.com/swapnilkumar/28332",0,"teams",0,"fail",109,15.062,4,1,2,10,2,4,1600,371,716
"271",1033,"https://sportfunder.com/lera/29384",0,"teams",0,"fail",88,11.214,3,0,1,9,2,4,3000,736,716
"272",131,"https://sportfunder.com/samsmith/22610",32,"teams",215.346,"fail",298,23.814,7,3,14,17,2,13,6800.4,89,716
"273",708,"https://sportfunder.com/chrisgallop/21823",2,"teams",10,"fail",125,4.681,7,0,6,14,0,13,8001,502,716
"274",445,"https://sportfunder.com/ymhawolfpackelite/3389",42,"teams",1016.25,"fail",215,33.266,8,0,6,14,1,13,5000,306,716
"275",246,"https://sportfunder.com/brunou14girls/28059",26,"teams",250,"fail",93,12.452,4,0,2,5,3,9,15000,168,716
"276",403,"https://sportfunder.com/teamfittertec/28190",0,"teams",0,"fail",147,14.576,3,1,4,8,0,14,2980.5,286,716
"277",938,"https://sportfunder.com/alabamastriders/31520",2,"teams",20,"fail",121,10.596,4,0,3,8,1,10,1000,667,716
"278",175,"https://sportfunder.com/sfstealthlax/31182",2,"teams",25,"fail",152,11.407,5,6,6,8,1,11,4000,122,716
"279",469,"https://sportfunder.com/testingcampaigncreationmichael/26736",16,"teams",0,"fail",62,7.956,2,1,2,5,1,5,1000,319,716
"280",449,"https://sportfunder.com/mcgillkingames/16833",38,"teams",3711,"fail",212,8.58,9,0,1,16,0,18,10000,309,716
"281",1062,"https://sportfunder.com/ryleestone/8554",16,"teams",1200,"fail",143,11.501,3,1,8,12,2,15,1250,753,716
"282",557,"https://sportfunder.com/caitlinpurcell/8826",16,"teams",825,"fail",117,8.306,6,1,4,11,1,11,1250,389,716
"283",383,"https://sportfunder.com/dinokocityroversfc/30956",0,"teams",0,"fail",160,9.805,9,0,8,9,5,7,5000,271,716
"284",984,"https://sportfunder.com/cristinacasares/31153",3,"teams",2200,"fail",121,7.703,5,0,0,8,0,9,20000,702,716
"285",812,"https://sportfunder.com/jenniferforsyth/28201",0,"teams",0,"fail",150,16.693,6,2,8,13,3,6,3000,575,716
"286",306,"https://sportfunder.com/chrisgreen/29442",3,"teams",120,"fail",128,14.634,5,3,5,10,3,10,2000,213,716
"287",24,"https://sportfunder.com/academicartshighschool/31146",0,"teams",0,"fail",114,23.853,8,4,0,10,0,11,3000,18,716
"288",9,"https://sportfunder.com/bobthompson/12274",23,"teams",1300,"fail",340,31.414,9,4,10,24,1,20,12500,5,716
"289",549,"https://sportfunder.com/samwilson/28276",0,"teams",0,"fail",102,10.656,6,0,4,9,1,6,1000,384,716
"290",973,"https://sportfunder.com/watchjeffhornvsgarycorcoranlivestream/27682",0,"teams",0,"fail",542,12.064,3,3,13,10,19,5,10005,693,716
"291",1005,"https://sportfunder.com/annandalehighschooldanceteam/31798",38,"teams",540,"fail",73,15.434,3,0,1,6,0,8,700,719,716
"292",988,"https://sportfunder.com/hikoirangi/28690",0,"teams",0,"fail",85,10.926,3,0,2,7,2,3,3000,706,716
"293",1072,"https://sportfunder.com/alannahmaclean/7862",9,"teams",325,"fail",147,11.373,4,0,3,9,1,9,750,759,716
"294",1102,"https://sportfunder.com/montrealkaitas/6270",0,"teams",0,"fail",54,13.161,2,0,1,4,0,4,2000,776,716
"295",559,"https://sportfunder.com/legiongaming/29546",2,"teams",13600.8,"fail",144,13.153,3,0,3,11,1,14,28335,391,716
"296",990,"https://sportfunder.com/danielle_/29349",0,"teams",0,"fail",113,18.419,3,0,3,12,2,11,1000,708,716
"297",250,"https://sportfunder.com/judopei/23753",0,"teams",40,"fail",135,9.587,5,0,4,8,1,16,16000,172,716
"298",868,"https://sportfunder.com/lazolasobende/29856",0,"teams",0,"fail",66,5.315,3,0,0,4,0,5,262,620,716
"299",123,"https://sportfunder.com/isabelabalatka/30859",8,"teams",415,"fail",331,33.624,11,1,6,25,4,26,995,82,716
"300",309,"https://sportfunder.com/jamesmoler/30651",0,"teams",0,"fail",131,5.043,7,0,5,17,7,12,3000,216,716
"301",1111,"https://sportfunder.com/kasungumaplotfootballacademy/28040",0,"teams",0,"fail",136,10.596,5,0,3,10,1,13,3000,782,716
"302",371,"https://sportfunder.com/rajkovicpusonjic/28328",3,"teams",24.8375,"fail",198,21.989,15,0,2,14,2,17,6954.5,260,716
"303",161,"https://sportfunder.com/nordiccapitaljudochallenge/21124",94,"teams",938.8575,"fail",62,0.9,3,0,0,5,1,3,4967.5,112,716
"304",473,"https://sportfunder.com/bluehounds/28257",0,"teams",0,"fail",67,6.751,1,0,2,4,0,4,50000,323,716
"305",1112,"https://sportfunder.com/alarzclub/28247",0,"teams",0,"fail",132,15.234,11,0,0,21,1,8,1000,783,716
"306",1023,"https://sportfunder.com/phormanfootballschool/30869",0,"teams",0,"fail",126,11.333,4,0,3,9,1,14,25000,729,716
"307",836,"https://sportfunder.com/farrahcompetesinaustraliaandtheusa/27754",0,"teams",0,"fail",65,5.824,3,0,0,6,0,4,6000,593,716
"308",981,"https://sportfunder.com/eronileilua/31046",30,"teams",1812.24,"fail",89,5.025,3,0,2,4,1,3,10000,699,716
"309",687,"https://sportfunder.com/granadacc/40222",101,"teams",9984.675,"fail",468,43.856,22,1,12,47,1,28,9935,485,716
"310",344,"https://sportfunder.com/beckfamilyracing/22424",4,"teams",113.34,"fail",244,17.169,8,1,5,15,1,14,6800.4,243,716
"311",624,"https://sportfunder.com/jamiesonstone/31209",0,"teams",0,"fail",113,3.064,5,0,2,8,0,4,5000,438,716
"312",550,"https://sportfunder.com/anlcoastal/40433",134,"teams",2882.530965,"fail",113,10.439,2,0,4,4,1,9,5961,385,716
"313",338,"https://sportfunder.com/tomasi/31005",0,"teams",0,"fail",49,4.415,3,0,0,4,0,4,4000,239,716
"314",641,"https://sportfunder.com/kasopeajibola/27627",0,"teams",0,"fail",152,12.462,4,0,1,18,0,8,12500,452,716
"315",632,"https://sportfunder.com/12uastrossoftball/26689",2,"teams",5,"fail",91,4.214,6,0,7,8,0,6,1000,444,716
"316",74,"https://sportfunder.com/teambrokenworld/25269",0,"teams",0,"fail",158,21.708,7,6,7,16,4,12,3000,49,716
"317",334,"https://sportfunder.com/oceansidechiefs/27944",20,"teams",1020,"fail",267,26.661,9,2,5,20,2,23,3000,236,716
"318",1024,"https://sportfunder.com/coledunlavy/30906",1,"teams",10,"fail",94,7.865,3,0,0,5,0,5,2500,730,716
"319",616,"https://sportfunder.com/tafararugara/31054",0,"teams",0,"fail",49,4.415,3,0,0,4,0,3,6000,432,716
"320",262,"https://sportfunder.com/pccathleticevents/29865",0,"teams",0,"fail",143,9.75,5,0,2,12,0,16,3000,180,716
"321",285,"https://sportfunder.com/msejahmediasports/28131",0,"teams",0,"fail",108,13.588,3,0,0,10,2,9,3000,196,716
"322",255,"https://sportfunder.com/avagault/31008",0,"teams",0,"fail",46,4.415,3,0,0,4,0,3,2000,175,716
"323",363,"https://sportfunder.com/spiritgymnastics/40568",186,"teams",4031,"fail",74,2.166,3,1,5,15,0,5,12000,255,716
"324",1028,"https://sportfunder.com/miljohnmaxlin/27486",15,"teams",596.1,"fail",103,11.701,4,0,1,9,3,5,2483.75,734,716
"325",67,"https://sportfunder.com/sebastiaanroell/30890",11,"teams",54.6425,"fail",220,8.056,3,1,3,4,1,9,2980.5,44,716
"326",914,"https://sportfunder.com/ungermatics/15401",2,"teams",0,"fail",289,31.506,9,1,3,18,1,16,950,650,716
"327",963,"https://sportfunder.com/combinedschoolsbarbados/25828",0,"teams",0,"fail",127,14.597,3,4,2,7,1,12,20000,684,716
"328",712,"https://sportfunder.com/westernville1892cf/31825",8,"teams",225,"fail",218,17.428,8,2,15,24,2,11,3000,505,716
"329",1008,"https://sportfunder.com/basparinussa/30875",2,"teams",25,"fail",250,26.627,5,4,7,9,4,3,30000,720,716
"330",341,"https://sportfunder.com/vukradovanovi%C4%8798/27477",0,"teams",0,"fail",112,15.329,3,0,0,5,0,4,4967.5,242,716
"331",622,"https://sportfunder.com/jasonandmsamiltia/28013",7,"teams",260,"fail",100,9.231,3,3,3,9,3,13,500,436,716
"332",174,"https://sportfunder.com/gselvakumar/31113",0,"teams",0,"fail",50,4.415,3,0,0,4,0,3,40000,121,716
"333",634,"https://sportfunder.com/prudentmotorsports/28209",0,"teams",0,"fail",448,51.622,9,0,1,26,1,40,4500,446,716
"334",382,"https://sportfunder.com/vincenzo/29441",0,"teams",0,"fail",87,4.846,4,1,1,9,2,3,50000,270,716
"335",187,"https://sportfunder.com/sarniaolympictaekwondo/24272",0,"teams",0,"fail",181,17.685,7,0,1,15,0,18,5000,131,716
"336",930,"https://sportfunder.com/bradfordcrosscountrytrackandfield/40570",5,"teams",225,"fail",138,8.059,4,5,5,9,6,11,15000,663,716
"337",125,"https://sportfunder.com/levetasmith/30982",0,"teams",0,"fail",132,9.859,3,0,2,7,0,12,5000,84,716
"338",907,"https://sportfunder.com/argentinewomenscricketteam/31456",62,"teams",555,"fail",110,9.414,3,1,4,4,1,4,2000,646,716
"339",816,"https://sportfunder.com/inlandempireemperors/31009",0,"teams",0,"fail",124,12.144,4,0,3,9,1,10,25000,578,716
"340",756,"https://sportfunder.com/epolimpiafc/27499",0,"teams",0,"fail",139,14.008,4,0,3,10,1,12,5000,534,716
"341",160,"https://sportfunder.com/trihighbasketball/29444",20,"teams",270,"fail",113,22.033,3,0,0,5,0,9,25425,111,716
"342",182,"https://sportfunder.com/krisfund/28205",0,"teams",0,"fail",89,11.214,3,0,1,9,2,4,300,127,716
"343",493,"https://sportfunder.com/alejandromenendez/298",20,"teams",106,"fail",59,5.162,4,0,1,5,1,5,4000,339,716
"344",979,"https://sportfunder.com/mackenzie/30993",0,"teams",0,"fail",49,4.415,3,0,0,4,0,3,1000,697,716
"345",1090,"https://sportfunder.com/martialartsdevelopment/6374",10,"teams",95,"fail",305,31.239,11,4,6,32,4,35,3000,772,716
"346",481,"https://sportfunder.com/jessica/27711",1,"teams",50,"fail",67,8.06,7,1,1,10,1,14,600,330,716
"347",600,"https://sportfunder.com/denismusali/27837",0,"teams",0,"fail",133,10.083,5,0,3,14,0,8,10200.6,418,716
"348",238,"https://sportfunder.com/slclions/23244",0,"teams",0,"fail",128,7.908,6,1,3,12,1,10,6680,165,716
"349",817,"https://sportfunder.com/ijkaireland/22611",2,"teams",0,"fail",54,7.552,1,1,2,4,1,4,993.5,579,716
"350",558,"https://sportfunder.com/nigerianfencing/30935",0,"teams",0,"fail",82,7.363,6,0,0,8,0,7,5000,390,716
"351",705,"https://sportfunder.com/paulcisneros/28293",0,"teams",0,"fail",100,17.074,3,0,3,9,2,8,1000,499,716
"352",572,"https://sportfunder.com/ameliagonzalez_/39408",3,"teams",100,"fail",47,4.415,3,0,0,5,0,3,101,400,716
"353",679,"https://sportfunder.com/lucycenteno/29890",0,"teams",0,"fail",144,13.652,9,2,3,12,2,8,6613,479,716
"354",247,"https://sportfunder.com/princetonbasketballclub/25922",2,"teams",100,"fail",108,7.674,3,0,1,8,0,12,10000,169,716
"355",683,"https://sportfunder.com/greencastlegoldenknightsmensbasketball/30823",0,"teams",0,"fail",117,12.003,5,0,0,12,0,8,2e+05,482,716
"356",105,"https://sportfunder.com/patriciabezzoubenko/24753",6,"teams",10,"fail",99,6.521,10,1,1,14,1,13,8000,72,716
"357",30,"https://sportfunder.com/donaldbrown/31536",1,"teams",100,"fail",59,5.943,3,0,1,6,0,4,2000,22,716
"358",288,"https://sportfunder.com/loloteam/27544",0,"teams",0,"fail",128,10.596,5,0,3,10,1,13,300,199,716
"359",766,"https://sportfunder.com/edmontontsunamiwaterpoloclub/31208",0,"teams",0,"fail",29,0,1,0,0,2,0,4,3500,541,716
"360",666,"https://sportfunder.com/lewisgurupira/30657",0,"teams",0,"fail",137,15.133,5,0,2,11,0,9,12600,471,716
"361",188,"https://sportfunder.com/ianmorgan/28315",5,"teams",240,"fail",131,8.277,2,2,2,7,0,5,20000,132,716
"362",227,"https://sportfunder.com/readingbrazilianjiujitsu/19997",0,"teams",0,"fail",53,2.72,2,0,1,4,1,5,7933.8,155,716
"363",434,"https://sportfunder.com/dawsoncollegewomensbasketball/10594",76,"teams",5695,"fail",226,31.564,8,3,5,16,3,13,6000,301,716
"364",823,"https://sportfunder.com/coltonpony6uallstars/28022",0,"teams",290,"fail",90,8.796,3,0,1,5,1,6,5000,584,716
"365",284,"https://sportfunder.com/shedevils/28114",54,"teams",367.595,"fail",136,14.145,5,4,9,6,4,5,2285.05,195,716
"366",386,"https://sportfunder.com/ryderpennington/28041",19,"teams",220,"fail",111,12.454,4,0,1,11,2,5,3000,273,716
"367",905,"https://sportfunder.com/iarom/40482",120,"teams",1979.052,"fail",241,20.955,9,0,0,18,1,16,4967.5,645,716
"368",1074,"https://sportfunder.com/evanpalmercharette/7882",5,"teams",225,"fail",147,11.373,4,0,3,9,1,9,750,761,716
"369",142,"https://sportfunder.com/silvaselect/40453",18,"teams",5880,"fail",132,12.233,6,0,4,10,3,10,39000,98,716
"370",1037,"https://sportfunder.com/ivanpeklin/28675",0,"teams",0,"fail",81,8.194,3,0,1,12,0,11,198700,739,716
"371",237,"https://sportfunder.com/teamcanadadance/10482",20,"teams",200,"fail",146,23.455,11,1,3,15,1,19,5000,164,716
"372",356,"https://sportfunder.com/kaitlyndugan_/39465",1,"teams",100,"fail",50,4.415,3,0,0,5,0,3,100,251,716
"373",202,"https://sportfunder.com/georgiantennis/27594",0,"teams",0,"fail",74,6.553,4,0,1,7,0,6,1000,141,716
"374",177,"https://sportfunder.com/shinnstonsoccer/27201",18,"teams",735,"fail",140,17.3,9,0,0,14,0,10,3000,124,716
"375",885,"https://sportfunder.com/sportingclubcalifornia2020/31464",2,"teams",5,"fail",131,12.253,4,0,7,11,1,13,3000,630,716
"376",1108,"https://sportfunder.com/gdrmikaelense/23684",0,"teams",0,"fail",88,9.486,1,0,0,4,0,9,596.1,779,716
"377",804,"https://sportfunder.com/frednowak/30960",7,"teams",64.5775,"fail",51,4.92,2,3,3,2,3,6,327.855,570,716
"378",129,"https://sportfunder.com/taylorsvillescoutfootballteam/28149",8,"teams",45,"fail",143,19.421,11,0,4,16,1,20,5000,87,716
"379",962,"https://sportfunder.com/debasishmajhi/30921",1,"teams",0,"fail",638,49.435,11,5,15,36,10,25,1000,683,716
"380",827,"https://sportfunder.com/avcc/1093",60,"teams",310,"fail",234,24.262,16,0,0,33,5,16,1700,587,716
"381",245,"https://sportfunder.com/parvandhkrishnan/31140",0,"teams",0,"fail",49,4.415,3,0,0,4,0,3,30000,167,716
"382",307,"https://sportfunder.com/topselectboys16royal/29416",12,"teams",2080,"fail",72,3.056,2,0,0,5,0,11,3600,214,716
"383",834,"https://sportfunder.com/shahedkhan/29359",0,"teams",0,"fail",127,10.596,4,0,3,9,5,16,3000,591,716
"384",1089,"https://sportfunder.com/kelseymckinnon/8658",2,"teams",40,"fail",22,0,1,0,0,1,0,2,1000,771,716
"385",671,"https://sportfunder.com/mcmasterdragonboat/5466",4,"teams",20,"fail",373,27.544,14,1,10,21,11,25,1000,473,716
"386",128,"https://sportfunder.com/teamttc/22231",0,"teams",0,"fail",366,18.519,10,1,18,22,8,29,1250,86,716
"387",993,"https://sportfunder.com/acsharksuhockeyteam/31231",14,"teams",985,"fail",122,12.591,2,0,6,4,0,7,3600,710,716
"388",98,"https://sportfunder.com/muaythaiontario/24381",26,"teams",3239,"fail",708,69.152,28,5,7,50,8,46,6600,66,716
"389",34,"https://sportfunder.com/ironrangestrikersfc/31161",26,"teams",955,"fail",139,6.082,6,0,4,16,4,11,2000,25,716
"390",855,"https://sportfunder.com/garethmo/28355",8,"teams",285,"fail",177,16.894,3,0,1,8,3,6,2000,607,716
"391",96,"https://sportfunder.com/noelhussey/24928",15,"teams",445,"fail",194,18.555,11,8,8,18,4,13,3000,64,716
"392",1116,"https://sportfunder.com/bromollamonsters/29554",0,"teams",0,"fail",153,11.138,8,1,7,10,5,12,993.5,787,716
"393",911,"https://sportfunder.com/budapestreds/30835",26,"teams",460,"fail",171,11.32,7,3,9,10,3,8,4000,649,716
"394",461,"https://sportfunder.com/alsports/13353",618,"teams",10735,"fail",136,14.28,7,0,1,11,1,6,50000,313,716
"395",851,"https://sportfunder.com/crusadersfa/25592",0,"teams",0,"fail",423,12.903,6,2,5,16,1,13,993.5,604,716
"396",606,"https://sportfunder.com/kiranashankarchawan/28360",0,"teams",0,"fail",96,11.214,3,0,1,11,2,6,1000,422,716
"397",815,"https://sportfunder.com/legacysports/10098",0,"teams",0,"fail",102,8.818,4,0,0,14,0,3,15000,577,716
"398",467,"https://sportfunder.com/teampmmafightersmanagement/25908",0,"teams",0,"fail",139,13.457,4,0,3,9,1,15,100,317,716
"399",1038,"https://sportfunder.com/mixfightzt/29571",0,"teams",0,"fail",170,11.081,8,2,3,10,3,12,30000,740,716
"400",108,"https://sportfunder.com/runtheworld2019/28185",0,"teams",0,"fail",437,31.023,9,14,23,22,12,13,20000,75,716
"401",604,"https://sportfunder.com/2015worldgymnaestrada/10242",2,"teams",3095,"fail",146,14.9,5,0,3,10,0,9,20000,421,716
"402",261,"https://sportfunder.com/avaedmonds/30870",8,"teams",445,"fail",91,4.29,3,0,0,6,1,9,2500,179,716
"403",82,"https://sportfunder.com/princetonakpojaro/30654",0,"teams",0,"fail",612,67.798,27,3,4,50,7,32,1133.4,55,716
"404",321,"https://sportfunder.com/dsaokcjudo/40338",1,"teams",30,"fail",111,16.309,4,1,1,10,1,14,2000,225,716
"405",1066,"https://sportfunder.com/hamletmunoz/5090",9,"teams",206,"fail",57,2.941,2,1,1,5,1,8,300,755,716
"406",700,"https://sportfunder.com/tumisang/29871",0,"teams",0,"fail",128,13.697,7,3,2,17,3,6,8000,495,716
"407",863,"https://sportfunder.com/kccommunitysportsdevelopmentclub/31052",0,"teams",0,"fail",53,5.152,3,0,0,5,0,3,3000,615,716
"408",474,"https://sportfunder.com/jazzy/28282",0,"teams",0,"fail",128,9.146,8,0,0,15,0,13,1000,324,716
"409",765,"https://sportfunder.com/zoecronin/26042",0,"teams",0,"fail",122,6.962,5,3,3,7,1,15,500,540,716
"410",935,"https://sportfunder.com/nicolastoro/29095",0,"teams",0,"fail",139,15.021,7,1,1,9,1,7,15000,665,716
"411",696,"https://sportfunder.com/teambussolinosport/29618",0,"teams",0,"fail",687,32.847,18,0,2,31,3,30,2980.5,492,716
"412",714,"https://sportfunder.com/sheilajane/29354",1,"teams",0,"fail",89,11.214,3,0,1,9,2,4,1000,506,716
"413",368,"https://sportfunder.com/nyjahturner/31179",10,"teams",390,"fail",112,11.959,5,0,1,12,1,9,3500,258,716
"414",674,"https://sportfunder.com/smudance/21004",10,"teams",5,"fail",160,5.233,10,0,0,14,0,21,5000,476,716
"415",1048,"https://sportfunder.com/sportwaytv/21673",0,"teams",0,"fail",63,3.477,3,2,3,5,2,2,2800,746,716
"416",39,"https://sportfunder.com/uvicsynchro/889",38,"teams",900,"fail",144,13.323,6,1,2,15,2,16,1200,26,716
"417",42,"https://sportfunder.com/teamvicrugby/27490",4,"teams",200,"fail",132,10.596,5,0,3,10,1,17,3000,29,716
"418",599,"https://sportfunder.com/kjhsladykays/26060",16,"teams",20,"fail",123,14.354,3,0,2,6,1,10,3000,417,716
"419",727,"https://sportfunder.com/jeffreysduo/28295",14,"teams",365,"fail",105,11.725,7,0,1,14,3,10,3500,515,716
"420",593,"https://sportfunder.com/medineriverrace/28109",0,"teams",0,"fail",38,2.913,1,0,0,4,0,3,14902.5,412,716
"421",961,"https://sportfunder.com/ossosinef/31366",0,"teams",0,"fail",148,4.826,2,2,2,3,2,5,1987,682,716
"422",1077,"https://sportfunder.com/quebecwrestlingacademy/3037",44,"teams",1220,"fail",242,16.611,14,1,7,20,3,22,5000,762,716
"423",431,"https://sportfunder.com/categuica/23099",106,"teams",915,"fail",149,18.827,3,2,2,13,1,5,5000,299,716
"424",1118,"https://sportfunder.com/brooklynknight/30955",0,"teams",0,"fail",118,13.204,1,0,3,6,1,5,1000,789,716
"425",110,"https://sportfunder.com/tocc/31228",0,"teams",0,"fail",99,11.182,6,0,1,11,2,8,10000,76,716
"426",464,"https://sportfunder.com/markplastina/23092",0,"teams",0,"fail",208,26.245,9,0,3,22,2,21,2500,315,716
"427",94,"https://sportfunder.com/duffielddevilsmn/25363",4,"teams",1030,"fail",86,8.907,1,2,6,4,2,4,3000,62,716
"428",222,"https://sportfunder.com/richmondsoul/31830",2,"teams",50,"fail",133,10.487,3,0,3,7,1,10,5000,154,716
"429",420,"https://sportfunder.com/mcgillsynchro/770",88,"teams",1470,"fail",70,7.145,5,0,1,11,6,8,2000,295,716
"430",101,"https://sportfunder.com/canadianjuniorindoorskydivingteam/25616",4,"teams",350,"fail",110,10.093,3,0,3,5,1,11,25000,69,716
"431",940,"https://sportfunder.com/conestogagirlsbasketball/40218",50,"teams",2075,"fail",154,16.917,5,0,0,8,1,9,3000,669,716
"432",659,"https://sportfunder.com/rebelssoccer/30848",0,"teams",0,"fail",89,10.962,3,0,4,6,4,7,2000,466,716
"433",818,"https://sportfunder.com/artesuavedk/21284",64,"teams",695,"fail",197,13.564,7,3,5,14,4,9,1500,580,716
"434",786,"https://sportfunder.com/alexverschaeren/40227",15,"teams",938.8575,"fail",259,8.572,3,1,3,5,0,5,9935,555,716
"435",1026,"https://sportfunder.com/brandongslooyer/5078",3,"teams",246,"fail",114,9.593,7,1,2,13,2,9,1000,732,716
"436",595,"https://sportfunder.com/mohsinkamran/31127",0,"teams",0,"fail",53,5.027,3,0,0,5,0,3,10000,414,716
"437",221,"https://sportfunder.com/richmondislanders05b/30873",28,"teams",725,"fail",95,6.972,1,0,1,2,0,6,10000,153,716
"438",387,"https://sportfunder.com/benmason/31687",13,"teams",2090,"fail",207,9.349,3,0,6,8,2,6,5000,274,716
"439",531,"https://sportfunder.com/nathangardner/31561",3,"teams",70,"fail",80,2.675,6,0,2,8,0,6,750,369,716
"440",272,"https://sportfunder.com/szymonjablkowski/29150",9,"teams",457.01,"fail",208,27.439,12,0,1,24,2,18,19870,187,716
"441",1025,"https://sportfunder.com/connorslooyer/5062",5,"teams",246,"fail",111,17.364,6,3,3,10,2,8,1000,731,716
"442",729,"https://sportfunder.com/lahcenoulhadj/28196",0,"teams",0,"fail",96,12.134,4,0,2,10,2,6,3500,517,716
"443",498,"https://sportfunder.com/nevelledurawo/28290",12,"teams",15,"fail",99,10.543,4,0,5,10,1,10,50000,343,716
"444",623,"https://sportfunder.com/jameslanerimilitia/28011",8,"teams",210,"fail",113,5.435,5,2,3,7,1,13,500,437,716
"445",248,"https://sportfunder.com/pgjudoclub/20757",10,"teams",450,"fail",68,8.882,3,0,0,7,0,8,5000,170,716
"446",691,"https://sportfunder.com/christiannewman/27622",0,"teams",0,"fail",89,7.632,3,0,1,9,2,3,1000,488,716
"447",1087,"https://sportfunder.com/braxtonclark/4966",1,"teams",31,"fail",23,0,2,0,0,3,0,4,500,769,716
"448",1,"https://sportfunder.com/tjslaviatuzvolen/28678",0,"teams",0,"fail",124,10.491,3,0,2,7,0,8,2781.8,1,716
"449",15,"https://sportfunder.com/acadiaaxetremecheerleading/23677",14,"teams",1605,"fail",40,1.548,2,0,0,7,0,6,5000,11,716
"450",18,"https://sportfunder.com/integritycheereliteiceallstars/15641",26,"teams",375,"fail",92,12.071,6,0,2,8,3,9,2500,14,716
"451",86,"https://sportfunder.com/bmg/28193",0,"teams",0,"fail",223,18.062,5,0,1,21,0,12,10000,57,716
"452",721,"https://sportfunder.com/marylandfreedom/27849",0,"teams",0,"fail",163,19.348,8,0,2,15,0,15,10000,512,716
"453",849,"https://sportfunder.com/kowarrior/28073",6,"teams",60,"fail",143,20.475,4,0,5,12,5,10,6000,602,716
"454",843,"https://sportfunder.com/upeisynchronizedswimming/778",106,"teams",1645,"fail",109,9.82,4,0,2,9,2,7,2500,598,716
"455",983,"https://sportfunder.com/codybeehre/29368",12,"teams",785,"fail",144,21.556,7,0,1,10,0,8,6500,701,716
"456",1003,"https://sportfunder.com/davidzandman/27875",13,"teams",19.87,"fail",74,7.453,6,1,2,6,1,3,3576.6,717,716
"457",49,"https://sportfunder.com/sergiyter/28004",0,"teams",0,"fail",166,16.363,14,1,1,20,11,8,2476,35,716
"458",409,"https://sportfunder.com/khanyisaniladiesfootballclub/27483",0,"teams",0,"fail",176,11.872,6,1,3,11,0,9,3000,291,716
"459",540,"https://sportfunder.com/beechmontbaseball/31222",0,"teams",0,"fail",144,9.801,7,2,6,9,1,6,10000,376,716
"460",509,"https://sportfunder.com/fbal/27750",22,"teams",1850,"fail",85,12.851,3,0,1,9,2,5,3000,353,716
"461",785,"https://sportfunder.com/alexverschaeren/31064",131,"teams",8538.139,"fail",60,1.82,5,0,0,9,2,6,9935,554,716
"462",167,"https://sportfunder.com/alexandrakanioros/29849",3,"teams",60,"fail",12,0,1,1,1,1,0,1,5000,117,716
"463",345,"https://sportfunder.com/warhawksbaseball/29893",4,"teams",0,"fail",153,9.468,8,0,1,17,4,14,30000,244,716
"464",302,"https://sportfunder.com/brazilbound/17113",2,"teams",0,"fail",107,7.475,5,0,1,6,0,7,1000,211,716
"465",130,"https://sportfunder.com/olympicfckenya/31373",0,"teams",0,"fail",132,10.596,4,0,3,9,1,12,3000,88,716
"466",948,"https://sportfunder.com/nolanhuysmans/29153",0,"teams",0,"fail",90,7.453,6,0,1,9,1,7,4470.75,673,716
"467",781,"https://sportfunder.com/dipologfutballacademy/26667",34,"teams",0,"fail",130,11.719,7,0,7,15,1,7,10000,552,716
"468",610,"https://sportfunder.com/upjvoll/31196",0,"teams",0,"fail",70,0.628,5,0,1,8,1,7,5040,426,716
"469",229,"https://sportfunder.com/khiladis/30936",0,"teams",0,"fail",77,1.84,4,1,3,4,0,5,500,157,716
"470",861,"https://sportfunder.com/kyleflanagan/29445",0,"teams",0,"fail",71,11.48,2,0,0,3,0,3,4967.5,613,716
"471",281,"https://sportfunder.com/adaptivesurftrainingcenter/31100",0,"teams",0,"fail",538,57.727,29,7,9,62,6,32,7000,192,716
"472",670,"https://sportfunder.com/mattomalley/27760",0,"teams",0,"fail",102,10.529,4,3,5,6,3,8,5000,472,716
"473",573,"https://sportfunder.com/kirkfieldunitedamateurs/31049",0,"teams",0,"fail",114,15.75,6,0,2,9,1,9,1133.4,401,716
"474",800,"https://sportfunder.com/centervillelacrosse/26062",114,"teams",3555,"fail",161,16.722,5,0,3,9,1,15,4000,567,716
"475",854,"https://sportfunder.com/asociaciondecanotajededistritocapital/23611",0,"teams",0,"fail",140,11.208,4,0,3,8,1,15,12000,606,716
"476",902,"https://sportfunder.com/pacificnwselects/40281",18,"teams",330,"fail",131,10.596,4,0,3,9,1,12,3000,643,716
"477",837,"https://sportfunder.com/ryanmiller/31191",0,"teams",0,"fail",49,4.415,3,0,0,4,0,3,4000,594,716
"478",633,"https://sportfunder.com/reaghan/26705",12,"teams",0,"fail",63,3.267,6,0,1,8,0,6,100,445,716
"479",471,"https://sportfunder.com/michaelshpigelman/27473",0,"teams",0,"fail",88,11.214,3,0,1,9,2,4,1000,321,716
"480",140,"https://sportfunder.com/sickleshighschoolfootball/25934",20,"teams",1300,"fail",172,27.237,6,0,3,12,2,16,8000,96,716
"481",448,"https://sportfunder.com/lslu19aa/19817",8,"teams",100,"fail",198,19.912,7,0,2,15,1,23,2000,308,716
"482",333,"https://sportfunder.com/ektoras/30991",0,"teams",0,"fail",93,6.827,4,1,0,8,3,4,9935,235,716
"483",1019,"https://sportfunder.com/ajayioluwafemi/31314",2,"teams",1,"fail",127,10.596,4,0,3,9,1,12,3000,725,716
"484",141,"https://sportfunder.com/lorelaihunt/31907",5,"teams",115,"fail",49,4.415,3,0,0,4,0,3,1000,97,716
"485",50,"https://sportfunder.com/sedibengu15/29566",0,"teams",0,"fail",133,4.89,4,0,2,6,0,8,452,36,716
"486",830,"https://sportfunder.com/claupavia/30834",0,"teams",0,"fail",61,5.13,5,0,0,5,0,2,2000,589,716
"487",339,"https://sportfunder.com/beachteammkcom/28666",18,"teams",948.29575,"fail",181,25.9,15,0,3,15,1,17,4967.5,240,716
"488",312,"https://sportfunder.com/teamcharles/1621",10,"teams",220,"fail",236,22.339,17,0,0,23,4,26,1000,217,716
"489",196,"https://sportfunder.com/afcsouthbay/40385",6,"teams",150,"fail",141,11.372,8,0,4,10,1,11,5000,138,716
"490",492,"https://sportfunder.com/williamyves/31203",17,"teams",2029.01,"fail",333,58.861,22,2,7,31,9,15,8000,338,716
"491",87,"https://sportfunder.com/pmdadila/31088",0,"teams",0,"fail",112,7.729,4,0,0,7,0,3,5000,58,716
"492",631,"https://sportfunder.com/james/31612",36,"teams",2057.121,"fail",155,12.347,6,1,2,11,2,8,3400.2,443,716
"493",1068,"https://sportfunder.com/jennjackson/7886",4,"teams",500,"fail",147,11.373,4,0,3,9,1,9,750,757,716
"494",398,"https://sportfunder.com/joshadegoke/30984",0,"teams",0,"fail",84,5.633,2,1,2,7,2,8,2000,282,716
"495",181,"https://sportfunder.com/matteosubet/27773",4,"teams",149.025,"fail",189,18.052,2,1,2,5,1,5,1192.2,126,716
"496",72,"https://sportfunder.com/nlapro/31921",6,"teams",1005,"fail",604,52.232,15,2,18,50,8,37,20000,47,716
"497",405,"https://sportfunder.com/christiantroncoppola/30867",1,"teams",25,"fail",68,1.637,4,0,1,8,4,7,2500,288,716
"498",1109,"https://sportfunder.com/pinelandstrackandfield/23685",0,"teams",0,"fail",146,17.557,5,0,3,11,2,15,5000,780,716
"499",1067,"https://sportfunder.com/benwilkinsonzan/7870",1,"teams",500,"fail",147,11.373,4,0,3,9,1,9,750,756,716
"500",1061,"https://sportfunder.com/alaynascramstad/9038",15,"teams",1250,"fail",54,3.332,2,0,1,6,0,6,1250,752,716
"501",999,"https://sportfunder.com/fcbarcroft/31571",50,"teams",5100,"fail",290,34.716,10,1,14,27,2,13,10000,716,716
"502",1122,"https://sportfunder.com/clubtriplee/31230",0,"teams",0,"fail",128,10.596,4,0,3,8,1,11,15000,792,716
"503",410,"https://sportfunder.com/moscowwrestlingclub/25255",42,"teams",1950,"fail",147,13.356,12,0,0,20,0,21,5000,292,716
"504",753,"https://sportfunder.com/spectrumathletics/40110",10,"teams",425,"fail",33,7.129,2,0,0,5,0,5,15000,532,716
"505",799,"https://sportfunder.com/sportiz/27934",127,"teams",688,"fail",89,9.414,3,0,3,7,3,3,6000,566,716
"506",536,"https://sportfunder.com/lizmcternan/27687",0,"teams",0,"fail",152,17.347,7,0,1,13,4,6,1133.4,372,716
"507",41,"https://sportfunder.com/lindsayandpatricia/17273",22,"teams",905,"fail",170,18.372,11,1,4,18,5,8,9700,28,716
"508",300,"https://sportfunder.com/ottawafightfitness/10758",72,"teams",1670,"fail",136,8.428,1,0,1,5,1,3,2000,209,716
"509",365,"https://sportfunder.com/gavriellebratis_/40598",0,"teams",0,"fail",51,4.415,3,0,0,5,0,3,500,256,716
"510",111,"https://sportfunder.com/mhlumepeacemakersfc/29885",6,"teams",0,"fail",184,22.068,7,0,3,20,2,14,50000,77,716
"511",874,"https://sportfunder.com/juniorwaterskicanada/15813",76,"teams",4150,"fail",214,16.746,9,2,2,13,0,18,15000,623,716
"512",828,"https://sportfunder.com/mikhilagemaat/8578",0,"teams",0,"fail",259,27.217,11,0,0,19,2,26,1250,588,716
"513",857,"https://sportfunder.com/ayrtonterrazas/40375",5,"teams",63,"fail",68,6.863,3,0,0,4,0,3,2000,609,716
"514",326,"https://sportfunder.com/centralminnesotapsychopaths/25933",0,"teams",0,"fail",84,4.954,4,0,2,4,0,7,5000,230,716
"515",47,"https://sportfunder.com/kayakteam-canottieriquerinivenezia/29817",26,"teams",859.3775,"fail",176,10.247,8,2,4,13,1,17,2980.5,33,716
"516",545,"https://sportfunder.com/rossrichardson/28685",40,"teams",1963.0488,"fail",123,11.486,1,0,1,9,1,3,11334,381,716
"517",533,"https://sportfunder.com/oasissportingclub/30973",0,"teams",0,"fail",130,10.596,4,0,3,9,1,12,3000,370,716
"518",987,"https://sportfunder.com/mercedes/28314",0,"teams",0,"fail",225,18.616,14,3,4,19,2,21,3000,705,716
"519",268,"https://sportfunder.com/rickgarcia/28197",12,"teams",200,"fail",263,18.161,18,2,8,31,5,18,10000,184,716
"520",594,"https://sportfunder.com/mujtaba/30954",4,"teams",0,"fail",54,5.043,5,0,0,6,2,3,1000,413,716
"521",538,"https://sportfunder.com/tylerbrw/31888",2,"teams",130,"fail",79,5.947,6,0,0,9,0,6,500,374,716
"522",663,"https://sportfunder.com/leahbrockman/27540",0,"teams",0,"fail",100,11.567,4,1,2,7,0,12,350,469,716
"523",1120,"https://sportfunder.com/bcdc/31145",0,"teams",0,"fail",60,6.482,2,1,3,5,2,5,80471.4,790,716
"524",956,"https://sportfunder.com/libertysoftball/31906",26,"teams",681.5,"fail",113,28.871,4,0,2,6,0,8,5000,678,716
"525",955,"https://sportfunder.com/taylorharris/29290",11,"teams",390,"fail",121,17.606,3,0,0,9,2,5,2500,677,716
"526",1044,"https://sportfunder.com/danilonesic93/29872",11,"teams",292.089,"fail",48,4.415,3,0,0,4,0,3,993.5,743,716
"527",499,"https://sportfunder.com/nevelledurawo/28297",0,"teams",0,"fail",95,10.543,4,0,5,10,1,10,1000,344,716
"528",820,"https://sportfunder.com/madisonolson/31576",22,"teams",2100,"fail",200,15.016,3,0,1,14,0,7,15000,582,716
"529",598,"https://sportfunder.com/paigeflanders/28670",0,"teams",0,"fail",78,8.965,3,0,4,6,2,4,1000,416,716
"530",408,"https://sportfunder.com/khanyisanifootballclub/28134",0,"teams",0,"fail",66,7.294,5,1,1,7,0,4,1000,290,716
"531",90,"https://sportfunder.com/warao/27558",40,"teams",1249,"fail",165,11.679,4,0,5,11,0,10,3500,60,716
"532",146,"https://sportfunder.com/sydneyunihandballclub/29573",14,"teams",3264.5,"fail",160,22.229,5,0,4,13,0,12,9999,101,716
"533",611,"https://sportfunder.com/lucassithole/27914",1,"teams",100,"fail",123,18.879,4,0,4,10,3,5,5000,427,716
"534",608,"https://sportfunder.com/elizabethsaliba/29928",0,"teams",0,"fail",77,5.027,5,1,0,8,0,5,1000,424,716
"535",81,"https://sportfunder.com/go-2-pro/28136",4,"teams",1.1334,"fail",246,29.116,9,5,14,19,4,10,6233.7,54,716
"536",915,"https://sportfunder.com/kanyonraft/22024",0,"teams",0,"fail",54,4.234,1,0,0,1,1,5,19870,651,716
"537",746,"https://sportfunder.com/spectrumathletics/31891",144,"teams",2917,"fail",51,8.029,3,2,3,6,2,6,3000,527,716
"538",251,"https://sportfunder.com/tsg/22993",0,"teams",0,"fail",125,12.07,4,1,3,21,2,15,3000,173,716
"539",584,"https://sportfunder.com/febil/29867",0,"teams",0,"fail",59,2.269,3,1,1,5,1,3,3000,407,716
"540",966,"https://sportfunder.com/sannymalik/29570",2,"teams",0,"fail",89,11.214,3,0,1,9,2,4,50000,687,716
"541",769,"https://sportfunder.com/alexcevallos/31816",20,"teams",20,"fail",47,4.415,3,0,0,4,0,3,120,543,716
"542",964,"https://sportfunder.com/rajdeepsingh/29564",0,"teams",0,"fail",95,11.214,6,0,1,12,2,8,2500,685,716
"543",153,"https://sportfunder.com/georgestamour/5142",1,"teams",31,"fail",121,5.224,11,0,0,13,1,10,1000,106,716
"544",190,"https://sportfunder.com/lgdm/25762",0,"teams",0,"fail",198,17.287,11,0,3,18,3,12,14000,134,716
"545",879,"https://sportfunder.com/lauraschulz/28206",0,"teams",0,"fail",116,6.072,8,4,5,9,6,7,1000,627,716
"546",1085,"https://sportfunder.com/mackenziestabler/31138",21,"teams",485,"fail",260,36.1,9,1,1,17,1,13,5000,767,716
"547",297,"https://sportfunder.com/moheabeid/31545",3,"teams",101.337,"fail",97,10.135,6,0,4,10,0,6,14902.5,206,716
"548",542,"https://sportfunder.com/crenshawramsfutureleague/27735",6,"teams",50,"fail",136,9.859,4,0,7,8,1,10,5000,378,716
"549",283,"https://sportfunder.com/wpuchin/27815",4,"teams",225,"fail",96,6.388,7,2,5,13,3,12,1500,194,716
"550",1098,"https://sportfunder.com/bradlanglois/172",0,"teams",0,"fail",41,5.396,1,0,0,4,0,1,1500,774,716
"551",826,"https://sportfunder.com/brendanyakura/3393",15,"teams",561,"fail",187,7.273,7,5,11,16,8,9,1300,586,716
"552",1046,"https://sportfunder.com/saidnajafzade/29615",0,"teams",0,"fail",49,4.069,2,0,0,3,0,2,500,744,716
"553",1021,"https://sportfunder.com/na/30947",0,"teams",0,"fail",90,6.034,5,1,3,9,1,7,1000,727,716
"554",211,"https://sportfunder.com/betancourt/28064",4,"teams",500,"fail",236,17.088,15,2,4,25,1,26,10000,146,716
"555",1011,"https://sportfunder.com/newsportstechnology/28024",0,"teams",0,"fail",145,25.473,4,0,1,10,1,26,1e+06,722,716
"556",203,"https://sportfunder.com/maximustufugafale/31144",0,"teams",0,"fail",220,20.062,6,0,9,15,1,13,3000,142,716
"557",5,"https://sportfunder.com/sambofederationofarmenia/28323",0,"teams",0,"fail",117,13.553,4,0,2,8,1,9,6500,4,716
"558",1110,"https://sportfunder.com/fcleyendafootballclub/27576",0,"teams",0,"fail",63,10.322,5,0,0,6,1,3,3000,781,716
"559",775,"https://sportfunder.com/jekopemaiono/27205",0,"teams",0,"fail",69,2.16,1,0,0,3,0,4,1600,546,716
"560",23,"https://sportfunder.com/dawsonblues/13541",30,"teams",425,"fail",218,10.322,4,1,1,10,0,21,4000,17,716
"561",1017,"https://sportfunder.com/justinmceachern/5778",18,"teams",531,"fail",62,3.165,6,0,0,7,0,9,750,724,716
"562",516,"https://sportfunder.com/upeepz/6874",6,"teams",0,"fail",140,5.233,5,1,1,15,2,6,17000,359,716
"563",505,"https://sportfunder.com/jamesmolorane/31175",0,"teams",0,"fail",59,4.415,4,0,0,7,1,4,993.5,350,716
"564",20,"https://sportfunder.com/morgyncook/40367",15,"teams",835,"fail",69,9.732,3,0,2,9,0,3,3000,16,716
"565",699,"https://sportfunder.com/struck2022/27895",0,"teams",190,"fail",128,14.701,4,0,3,9,2,11,3000,494,716
"566",70,"https://sportfunder.com/urbanahighschoolcheerleading/29854",0,"teams",0,"fail",123,21.504,3,0,2,7,0,14,4000,45,716
"567",99,"https://sportfunder.com/philiposei/11110",10,"teams",420,"fail",328,41.53,8,1,6,18,1,17,8000,67,716
"568",294,"https://sportfunder.com/northflaglerwildcats/31173",2,"teams",5,"fail",89,8.059,3,0,4,5,0,6,4000,203,716
"569",692,"https://sportfunder.com/gemmaf/29813",0,"teams",0,"fail",254,18.424,12,5,2,30,4,13,4967.5,489,716
"570",808,"https://sportfunder.com/antoniochaparromontiel/29552",0,"teams",0,"fail",90,11.214,3,0,1,9,2,4,400,573,716
"571",704,"https://sportfunder.com/friscofurylacrosse/28618",4,"teams",1485,"fail",138,11.827,7,0,3,12,1,13,15000,498,716
"572",614,"https://sportfunder.com/titansrugby/28274",0,"teams",0,"fail",168,14.697,4,0,9,10,0,13,3600,430,716
"573",925,"https://sportfunder.com/josh/31560",6,"teams",210,"fail",90,10.188,6,0,0,8,0,9,1000,659,716
"574",994,"https://sportfunder.com/jaymay/40369",11,"teams",570,"fail",174,14.207,10,1,1,14,3,13,8000,711,716
"575",466,"https://sportfunder.com/mikaisthebestallthetime/25891",0,"teams",0,"fail",128,9.146,8,0,0,15,0,13,10000,316,716
"576",289,"https://sportfunder.com/kickconnection/1329",2,"teams",10,"fail",92,11.977,3,0,3,9,1,4,1000,200,716
"577",562,"https://sportfunder.com/ritalazar/23881",5,"teams",500,"fail",76,5.8,2,0,0,4,0,3,500,394,716
"578",528,"https://sportfunder.com/venezuelaworldtoeikankarate/24003",0,"teams",0,"fail",162,14.23,5,1,5,7,2,17,10800,367,716
"579",271,"https://sportfunder.com/ivamam/30977",0,"teams",0,"fail",172,22.976,16,2,3,18,3,12,10000,186,716
"580",630,"https://sportfunder.com/danbenin/26070",0,"teams",0,"fail",82,4.954,4,0,2,4,0,7,20000,442,716
"581",295,"https://sportfunder.com/americansamoawomensbeachhandballteam/30896",0,"teams",0,"fail",142,13.044,8,0,3,8,1,14,30000,204,716
"582",330,"https://sportfunder.com/malionsportsclub/27520",0,"teams",0,"fail",98,10.616,6,1,0,10,0,8,2980.5,233,716
"583",937,"https://sportfunder.com/lorentinapasaribu/31172",9,"teams",0,"fail",51,4.415,3,0,0,4,0,3,1000,666,716
"584",924,"https://sportfunder.com/josh/31170",17,"teams",650,"fail",217,18.415,6,0,0,15,0,13,1000,658,716
"585",544,"https://sportfunder.com/londonsynchrouniversity/23070",30,"teams",1085,"fail",127,5.688,6,1,2,13,3,15,3000,380,716
"586",1027,"https://sportfunder.com/azores-kartingchampionship/27814",0,"teams",0,"fail",65,4.214,2,0,0,5,0,4,1987,733,716
"587",603,"https://sportfunder.com/morganendean/3413",11,"teams",256,"fail",98,9.814,5,0,1,6,1,7,1500,420,716
"588",501,"https://sportfunder.com/mbjjf/30648",2,"teams",10,"fail",186,19.896,12,0,0,20,0,19,1500,346,716
"589",951,"https://sportfunder.com/andrea/28137",0,"teams",0,"fail",239,20.732,8,2,4,15,4,15,14000,675,716
"590",798,"https://sportfunder.com/denisondynamitesoccer/40108",24,"teams",920,"fail",240,21.222,9,0,4,16,1,21,1500,565,716
"591",10,"https://sportfunder.com/jovontesuber/31804",9,"teams",258,"fail",65,5.315,3,0,0,6,0,4,500,6,716
"592",3,"https://sportfunder.com/danielvassalladams/25809",6,"teams",99.35,"fail",219,17.613,5,3,4,9,1,10,993.5,2,716
"593",209,"https://sportfunder.com/pridecheer/30967",0,"teams",0,"fail",76,10.721,4,0,0,8,0,7,672,144,716
"594",609,"https://sportfunder.com/jean-marcmalkowski/30916",0,"teams",0,"fail",137,22.448,8,0,5,13,2,10,3000,425,716
"595",79,"https://sportfunder.com/seanstarr/21215",24,"teams",1575.426,"fail",137,7.091,5,0,2,11,0,11,2266.8,52,716
"596",763,"https://sportfunder.com/jordanlandry/4242",2,"teams",51,"fail",143,24.859,9,0,3,15,2,9,1500,538,716
"597",381,"https://sportfunder.com/stactennis/29105",0,"teams",0,"fail",104,8.891,3,1,2,5,1,12,3200,269,716
"598",214,"https://sportfunder.com/tomgandy/30879",24,"teams",2346.138,"fail",161,11.339,5,1,3,13,2,7,11334,149,716
"599",508,"https://sportfunder.com/brandon/4762",5,"teams",131,"fail",183,17.312,20,1,2,26,2,25,1100,352,716
"600",761,"https://sportfunder.com/girlssportyeg/31521",44,"athletes",1115,"success",332,29.457,28,2,12,66,4,40,500,537,1
"601",921,"https://sportfunder.com/brooklinehighschoolrugby/40255",78,"teams",6390,"success",79,7.843,1,0,1,3,0,5,6000,655,43
"602",257,"https://sportfunder.com/schuylkillymcagymnastics/40136",16,"teams",5384.5,"success",130,11.333,5,0,3,14,1,11,5000,177,43
"603",348,"https://sportfunder.com/emmaweiss_/39453",8,"teams",430,"success",49,4.415,6,0,0,10,0,6,200,247,43
"604",194,"https://sportfunder.com/cvassassins_/40382",122,"teams",5050,"success",75,9.114,1,3,3,5,3,1,5000,137,43
"605",655,"https://sportfunder.com/khloedefiesta/40391",46,"teams",3206.05,"success",90,9.603,10,0,0,14,3,5,2500,463,43
"606",890,"https://sportfunder.com/adamthomson/19821",12,"teams",1510,"success",311,17.576,9,2,2,23,3,21,1400,633,43
"607",750,"https://sportfunder.com/spectrumathletics/31693",48,"teams",3610,"success",89,13.437,5,1,2,7,2,10,3000,530,43
"608",299,"https://sportfunder.com/ottawaeliteu17team/23455",38,"teams",5627,"success",401,30.529,7,1,12,19,4,18,5000,208,43
"609",1059,"https://sportfunder.com/mcgilltennis/52",132,"teams",3020,"success",211,17.524,8,1,3,15,2,27,3000,750,43
"610",652,"https://sportfunder.com/bbcgrengewaldhueschtert/31118",80,"teams",3477.25,"success",109,13.336,5,0,2,9,1,10,2980.5,461,43
"611",795,"https://sportfunder.com/tahnawilfley/28292",22,"teams",2564,"success",97,9.939,6,0,4,10,4,4,2500,563,43
"612",891,"https://sportfunder.com/teammileswka/25062",13,"teams",1235,"success",210,11.105,8,2,12,16,6,16,1157,634,43
"613",416,"https://sportfunder.com/mcgillcheerleading/478",164,"teams",3510,"success",111,2.611,4,0,1,9,0,17,3000,293,43
"614",298,"https://sportfunder.com/marikakay/8242",79,"teams",5225,"success",259,18.915,9,3,22,13,1,22,4000,207,43
"615",432,"https://sportfunder.com/uqamcheerleading/1913",146,"teams",15538,"success",121,9.118,1,0,1,2,0,11,10000,300,43
"616",359,"https://sportfunder.com/spiritgymnastics/31922",4,"teams",10160,"success",127,12.233,4,0,3,16,1,11,10000,254,43
"617",16,"https://sportfunder.com/winnipeggeneralstrike/2193",224,"teams",5142,"success",295,28.156,5,1,11,22,3,9,5000,12,43
"618",236,"https://sportfunder.com/rougeetorvolleyballmasculin/6110",202,"teams",12415,"success",54,3.044,2,0,1,5,1,6,10000,163,43
"619",513,"https://sportfunder.com/mariettacollegemensbasketball/26080",50,"teams",6135,"success",198,21.584,7,0,2,12,1,11,6000,356,43
"620",751,"https://sportfunder.com/spectrumathletics/31256",14,"teams",3987.2,"success",118,13.815,1,3,7,6,3,17,2000,531,43
"621",347,"https://sportfunder.com/averybellas_/40603",13,"teams",350,"success",51,4.415,6,0,0,10,0,6,100,246,43
"622",116,"https://sportfunder.com/scotthill/7894",8,"teams",5230,"success",147,11.373,8,0,6,18,2,18,750,80,43
"623",1054,"https://sportfunder.com/mcgillrowing/7",58,"teams",2105,"success",96,4.916,4,6,14,4,0,12,1200,748,43
"624",793,"https://sportfunder.com/keirasnyman/28254",46,"teams",4385,"success",238,22.45,20,0,6,48,4,38,2500,562,43
"625",437,"https://sportfunder.com/coachaj/22982",22,"teams",3038,"success",133,20.592,3,0,3,8,1,14,2500,303,43
"626",888,"https://sportfunder.com/teammileswka/2609",68,"teams",3063,"success",218,14.144,5,0,3,15,0,14,2000,631,43
"627",744,"https://sportfunder.com/spectrumathletics/40325",156,"teams",3770,"success",85,10.88,5,0,1,7,1,7,3000,525,43
"628",54,"https://sportfunder.com/ubcsynchro/15229",22,"teams",1701,"success",140,16.341,9,0,0,13,2,9,1500,38,43
"629",357,"https://sportfunder.com/spiritgymnastics/31223",14,"teams",11922,"success",56,4.415,3,0,0,8,0,3,10000,252,43
"630",137,"https://sportfunder.com/usfwomensclubsoccer/28179",100,"teams",1440,"success",94,15.082,5,1,2,14,0,9,1000,94,43
"631",476,"https://sportfunder.com/swmodiscgolfers/27579",6,"teams",1020,"success",194,12.673,8,0,4,15,0,9,1000,326,43
"632",745,"https://sportfunder.com/spectrumvolleyball/31869",172,"teams",4189,"success",40,0,0,1,2,2,0,4,4000,526,43
"633",1058,"https://sportfunder.com/samgreer/7890",1,"teams",1000,"success",147,11.373,4,0,3,9,1,9,750,749,43
"634",320,"https://sportfunder.com/jonpoteet/27573",94,"teams",1763,"success",119,14.277,2,0,6,11,0,9,1550,224,43
